timestamp,estado,codigo_http,web_az,region,app_az,app_status
2026-06-12 10:02:24.867,OK,200,eu-central-1c,eu-central-1,eu-central-1a,Desconocido
2026-06-12 10:02:25.522,OK,200,eu-central-1a,eu-central-1,eu-central-1a,Desconocido
2026-06-12 10:02:26.156,OK,200,eu-central-1a,eu-central-1,eu-central-1c,Desconocido
2026-06-12 10:02:26.796,OK,200,eu-central-1c,eu-central-1,eu-central-1c,Desconocido
2026-06-12 10:02:27.417,OK,200,eu-central-1b,eu-central-1,eu-central-1c,Desconocido
2026-06-12 10:02:28.142,OK,200,eu-central-1c,eu-central-1,eu-central-1c,Desconocido
2026-06-12 10:02:28.730,OK,200,eu-central-1a,eu-central-1,eu-central-1b,Desconocido
2026-06-12 10:02:29.350,OK,200,eu-central-1b,eu-central-1,eu-central-1b,Desconocido
2026-06-12 10:02:29.938,OK,200,eu-central-1c,eu-central-1,eu-central-1b,Desconocido
2026-06-12 10:02:30.570,OK,200,eu-central-1b,eu-central-1,eu-central-1b,Desconocido
2026-06-12 10:02:31.328,OK,200,eu-central-1b,eu-central-1,eu-central-1a,Desconocido
2026-06-12 10:02:32.035,OK,200,eu-central-1a,eu-central-1,eu-central-1c,Desconocido
2026-06-12 10:02:32.628,OK,200,eu-central-1a,eu-central-1,eu-central-1a,Desconocido
2026-06-12 10:02:33.223,OK,200,eu-central-1a,eu-central-1,eu-central-1b,Desconocido
2026-06-12 10:02:33.826,OK,200,eu-central-1c,eu-central-1,eu-central-1b,Desconocido
2026-06-12 10:02:34.414,OK,200,eu-central-1b,eu-central-1,eu-central-1a,Desconocido
2026-06-12 10:02:35.010,OK,200,eu-central-1a,eu-central-1,eu-central-1a,Desconocido
2026-06-12 10:02:35.609,OK,200,eu-central-1c,eu-central-1,eu-central-1a,Desconocido
2026-06-12 10:02:36.204,OK,200,eu-central-1b,eu-central-1,eu-central-1c,Desconocido
2026-06-12 10:02:37.524,OK,200,eu-central-1c,eu-central-1,eu-central-1c,Desconocido
2026-06-12 10:02:38.112,OK,200,eu-central-1c,eu-central-1,eu-central-1a,Desconocido
2026-06-12 10:02:38.730,OK,200,eu-central-1b,eu-central-1,eu-central-1c,Desconocido
2026-06-12 10:02:39.323,OK,200,eu-central-1a,eu-central-1,eu-central-1c,Desconocido
2026-06-12 10:02:39.914,OK,200,eu-central-1c,eu-central-1,eu-central-1b,Desconocido
2026-06-12 10:02:40.499,OK,200,eu-central-1b,eu-central-1,eu-central-1b,Desconocido
2026-06-12 10:02:41.098,OK,200,eu-central-1a,eu-central-1,eu-central-1b,Desconocido
2026-06-12 10:02:41.687,OK,200,eu-central-1c,eu-central-1,eu-central-1c,Desconocido
2026-06-12 10:02:42.283,OK,200,eu-central-1a,eu-central-1,eu-central-1a,Desconocido
2026-06-12 10:02:42.870,OK,200,eu-central-1c,eu-central-1,eu-central-1a,Desconocido
2026-06-12 10:02:43.450,OK,200,eu-central-1b,eu-central-1,eu-central-1b,Desconocido
2026-06-12 10:02:44.031,OK,200,eu-central-1b,eu-central-1,eu-central-1a,Desconocido
2026-06-12 10:02:44.617,OK,200,eu-central-1a,eu-central-1,eu-central-1c,Desconocido
2026-06-12 10:02:45.207,OK,200,eu-central-1c,eu-central-1,eu-central-1b,Desconocido
2026-06-12 10:02:45.791,OK,200,eu-central-1b,eu-central-1,eu-central-1c,Desconocido
2026-06-12 10:02:46.385,OK,200,eu-central-1b,eu-central-1,eu-central-1a,Desconocido
2026-06-12 10:02:46.973,OK,200,eu-central-1a,eu-central-1,eu-central-1c,Desconocido
2026-06-12 10:02:47.574,OK,200,eu-central-1a,eu-central-1,eu-central-1b,Desconocido
2026-06-12 10:02:49.208,OK,200,eu-central-1a,eu-central-1,eu-central-1a,Desconocido
2026-06-12 10:02:49.927,FAIL,500,Desconocida,Desconocida,Desconocida,Desconocido
2026-06-12 10:02:50.548,FAIL,500,Desconocida,Desconocida,Desconocida,Desconocido
2026-06-12 10:02:51.131,FAIL,500,Desconocida,Desconocida,Desconocida,Desconocido
2026-06-12 10:02:51.704,OK,200,eu-central-1b,eu-central-1,eu-central-1c,Desconocido
2026-06-12 10:02:52.291,OK,200,eu-central-1b,eu-central-1,eu-central-1b,Desconocido
2026-06-12 10:02:52.872,OK,200,eu-central-1b,eu-central-1,eu-central-1b,Desconocido
2026-06-12 10:02:53.509,OK,200,eu-central-1a,eu-central-1,eu-central-1b,Desconocido
2026-06-12 10:02:54.096,FAIL,500,Desconocida,Desconocida,Desconocida,Desconocido
2026-06-12 10:02:54.687,OK,200,eu-central-1a,eu-central-1,eu-central-1c,Desconocido
2026-06-12 10:02:55.278,FAIL,500,Desconocida,Desconocida,Desconocida,Desconocido
2026-06-12 10:02:55.879,OK,200,eu-central-1b,eu-central-1,eu-central-1a,Desconocido
2026-06-12 10:02:56.482,OK,200,eu-central-1b,eu-central-1,eu-central-1c,Desconocido
2026-06-12 10:02:57.104,OK,200,eu-central-1a,eu-central-1,eu-central-1a,Desconocido
2026-06-12 10:02:57.700,FAIL,500,Desconocida,Desconocida,Desconocida,Desconocido
2026-06-12 10:02:58.295,OK,200,eu-central-1b,eu-central-1,eu-central-1a,Desconocido
2026-06-12 10:02:58.886,OK,200,eu-central-1a,eu-central-1,eu-central-1b,Desconocido
2026-06-12 10:02:59.478,FAIL,500,Desconocida,Desconocida,Desconocida,Desconocido
2026-06-12 10:03:00.077,OK,200,eu-central-1a,eu-central-1,eu-central-1a,Desconocido
2026-06-12 10:03:00.673,FAIL,500,Desconocida,Desconocida,Desconocida,Desconocido
2026-06-12 10:03:01.264,OK,200,eu-central-1b,eu-central-1,eu-central-1b,Desconocido
2026-06-12 10:03:01.880,OK,200,eu-central-1b,eu-central-1,eu-central-1c,Desconocido
2026-06-12 10:03:02.480,OK,200,eu-central-1a,eu-central-1,eu-central-1c,Desconocido
2026-06-12 10:03:03.112,FAIL,500,Desconocida,Desconocida,Desconocida,Desconocido
2026-06-12 10:03:03.708,OK,200,eu-central-1a,eu-central-1,eu-central-1c,Desconocido
2026-06-12 10:03:04.308,OK,200,eu-central-1a,eu-central-1,eu-central-1b,Desconocido
2026-06-12 10:03:04.906,FAIL,500,Desconocida,Desconocida,Desconocida,Desconocido
2026-06-12 10:03:05.492,OK,200,eu-central-1b,eu-central-1,eu-central-1b,Desconocido
2026-06-12 10:03:06.090,OK,200,eu-central-1b,eu-central-1,eu-central-1a,Desconocido
2026-06-12 10:03:06.685,OK,200,eu-central-1a,eu-central-1,eu-central-1b,Desconocido
2026-06-12 10:03:07.300,FAIL,500,Desconocida,Desconocida,Desconocida,Desconocido
2026-06-12 10:03:07.889,OK,200,eu-central-1b,eu-central-1,eu-central-1a,Desconocido
2026-06-12 10:03:08.504,OK,200,eu-central-1a,eu-central-1,eu-central-1a,Desconocido
2026-06-12 10:03:09.107,OK,200,eu-central-1a,eu-central-1,eu-central-1c,Desconocido
2026-06-12 10:03:10.460,FAIL,500,Desconocida,Desconocida,Desconocida,Desconocido
2026-06-12 10:03:11.045,FAIL,500,Desconocida,Desconocida,Desconocida,Desconocido
2026-06-12 10:03:11.630,OK,200,eu-central-1b,eu-central-1,eu-central-1c,Desconocido
2026-06-12 10:03:12.222,FAIL,500,Desconocida,Desconocida,Desconocida,Desconocido
2026-06-12 10:03:12.824,OK,200,eu-central-1b,eu-central-1,eu-central-1c,Desconocido
2026-06-12 10:03:13.412,OK,200,eu-central-1b,eu-central-1,eu-central-1b,Desconocido
2026-06-12 10:03:14.009,OK,200,eu-central-1a,eu-central-1,eu-central-1a,Desconocido
2026-06-12 10:03:14.618,FAIL,500,Desconocida,Desconocida,Desconocida,Desconocido
2026-06-12 10:03:15.232,OK,200,eu-central-1a,eu-central-1,eu-central-1b,Desconocido
2026-06-12 10:03:15.827,FAIL,500,Desconocida,Desconocida,Desconocida,Desconocido
2026-06-12 10:03:16.420,OK,200,eu-central-1a,eu-central-1,eu-central-1c,Desconocido
2026-06-12 10:03:16.996,OK,200,eu-central-1b,eu-central-1,eu-central-1a,Desconocido
2026-06-12 10:03:17.576,OK,200,eu-central-1b,eu-central-1,eu-central-1b,Desconocido
2026-06-12 10:03:18.168,OK,200,eu-central-1a,eu-central-1,eu-central-1a,Desconocido
2026-06-12 10:03:18.769,OK,200,eu-central-1a,eu-central-1,eu-central-1b,Desconocido
2026-06-12 10:03:19.365,FAIL,500,Desconocida,Desconocida,Desconocida,Desconocido
2026-06-12 10:03:19.961,FAIL,500,Desconocida,Desconocida,Desconocida,Desconocido
2026-06-12 10:03:20.589,OK,200,eu-central-1b,eu-central-1,eu-central-1a,Desconocido
2026-06-12 10:03:21.194,OK,200,eu-central-1a,eu-central-1,eu-central-1c,Desconocido
2026-06-12 10:03:21.784,FAIL,500,Desconocida,Desconocida,Desconocida,Desconocido
2026-06-12 10:03:22.380,OK,200,eu-central-1b,eu-central-1,eu-central-1c,Desconocido
2026-06-12 10:03:22.972,FAIL,500,Desconocida,Desconocida,Desconocida,Desconocido
2026-06-12 10:03:23.564,OK,200,eu-central-1b,eu-central-1,eu-central-1b,Desconocido
2026-06-12 10:03:24.151,OK,200,eu-central-1a,eu-central-1,eu-central-1a,Desconocido
2026-06-12 10:03:24.737,OK,200,eu-central-1a,eu-central-1,eu-central-1b,Desconocido
2026-06-12 10:03:25.321,FAIL,500,Desconocida,Desconocida,Desconocida,Desconocido
2026-06-12 10:03:25.902,OK,200,eu-central-1b,eu-central-1,eu-central-1c,Desconocido
2026-06-12 10:03:26.514,OK,200,eu-central-1b,eu-central-1,eu-central-1a,Desconocido
2026-06-12 10:03:27.110,OK,200,eu-central-1a,eu-central-1,eu-central-1c,Desconocido
2026-06-12 10:03:27.726,FAIL,500,Desconocida,Desconocida,Desconocida,Desconocido
2026-06-12 10:03:28.306,FAIL,500,Desconocida,Desconocida,Desconocida,Desconocido
2026-06-12 10:03:28.889,OK,200,eu-central-1a,eu-central-1,eu-central-1b,Desconocido
2026-06-12 10:03:29.482,FAIL,500,Desconocida,Desconocida,Desconocida,Desconocido
2026-06-12 10:03:30.074,OK,200,eu-central-1b,eu-central-1,eu-central-1c,Desconocido
2026-06-12 10:03:30.680,OK,200,eu-central-1b,eu-central-1,eu-central-1b,Desconocido
2026-06-12 10:03:31.285,OK,200,eu-central-1a,eu-central-1,eu-central-1a,Desconocido
2026-06-12 10:03:31.915,FAIL,500,Desconocida,Desconocida,Desconocida,Desconocido
2026-06-12 10:03:32.507,OK,200,eu-central-1b,eu-central-1,eu-central-1a,Desconocido
2026-06-12 10:03:33.097,OK,200,eu-central-1b,eu-central-1,eu-central-1b,Desconocido
2026-06-12 10:03:33.697,OK,200,eu-central-1a,eu-central-1,eu-central-1c,Desconocido
2026-06-12 10:03:34.293,OK,200,eu-central-1a,eu-central-1,eu-central-1a,Desconocido
2026-06-12 10:03:34.889,FAIL,500,Desconocida,Desconocida,Desconocida,Desconocido
2026-06-12 10:03:35.475,FAIL,500,Desconocida,Desconocida,Desconocida,Desconocido
2026-06-12 10:03:36.066,OK,200,eu-central-1b,eu-central-1,eu-central-1a,Desconocido
2026-06-12 10:03:36.682,OK,200,eu-central-1a,eu-central-1,eu-central-1c,Desconocido
2026-06-12 10:03:37.277,OK,200,eu-central-1b,eu-central-1,eu-central-1c,Desconocido
2026-06-12 10:03:37.874,OK,200,eu-central-1a,eu-central-1,eu-central-1b,Desconocido
2026-06-12 10:03:38.478,FAIL,500,Desconocida,Desconocida,Desconocida,Desconocido
2026-06-12 10:03:39.080,OK,200,eu-central-1a,eu-central-1,eu-central-1a,Desconocido
2026-06-12 10:03:39.681,OK,200,eu-central-1b,eu-central-1,eu-central-1b,Desconocido
2026-06-12 10:03:40.288,FAIL,500,Desconocida,Desconocida,Desconocida,Desconocido
2026-06-12 10:03:40.876,OK,200,eu-central-1a,eu-central-1,eu-central-1c,Desconocido
2026-06-12 10:03:41.473,FAIL,500,Desconocida,Desconocida,Desconocida,Desconocido
2026-06-12 10:03:42.061,OK,200,eu-central-1b,eu-central-1,eu-central-1c,Desconocido
2026-06-12 10:03:43.427,FAIL,500,Desconocida,Desconocida,Desconocida,Desconocido
2026-06-12 10:03:44.015,OK,200,eu-central-1a,eu-central-1,eu-central-1b,Desconocido
2026-06-12 10:03:44.616,FAIL,500,Desconocida,Desconocida,Desconocida,Desconocido
2026-06-12 10:03:45.202,OK,200,eu-central-1b,eu-central-1,eu-central-1b,Desconocido
2026-06-12 10:03:48.288,OK,200,eu-central-1b,eu-central-1,eu-central-1c,Desconocido
2026-06-12 10:03:54.428,FAIL,500,Desconocida,Desconocida,Desconocida,Desconocido
2026-06-12 10:03:55.883,OK,200,eu-central-1a,eu-central-1,eu-central-1b,Desconocido
2026-06-12 10:03:56.490,OK,200,eu-central-1b,eu-central-1,eu-central-1a,Desconocido
2026-06-12 10:03:57.081,OK,200,eu-central-1a,eu-central-1,eu-central-1a,Desconocido
2026-06-12 10:03:57.675,OK,200,eu-central-1a,eu-central-1,eu-central-1c,Desconocido
2026-06-12 10:03:58.278,FAIL,500,Desconocida,Desconocida,Desconocida,Desconocido
2026-06-12 10:03:58.868,FAIL,500,Desconocida,Desconocida,Desconocida,Desconocido
2026-06-12 10:03:59.450,OK,200,eu-central-1b,eu-central-1,eu-central-1c,Desconocido
2026-06-12 10:04:00.049,OK,200,eu-central-1a,eu-central-1,eu-central-1b,Desconocido
2026-06-12 10:04:00.643,OK,200,eu-central-1b,eu-central-1,eu-central-1b,Desconocido
2026-06-12 10:04:01.241,FAIL,500,Desconocida,Desconocida,Desconocida,Desconocido
2026-06-12 10:04:02.852,FAIL,500,Desconocida,Desconocida,Desconocida,Desconocido
2026-06-12 10:04:03.733,OK,200,eu-central-1b,eu-central-1,eu-central-1b,Desconocido
2026-06-12 10:04:04.338,OK,200,eu-central-1a,eu-central-1,eu-central-1c,Desconocido
2026-06-12 10:04:04.938,OK,200,eu-central-1b,eu-central-1,eu-central-1a,Desconocido
2026-06-12 10:04:05.572,OK,200,eu-central-1a,eu-central-1,eu-central-1b,Desconocido
2026-06-12 10:04:06.211,FAIL,500,Desconocida,Desconocida,Desconocida,Desconocido
2026-06-12 10:04:06.797,OK,200,eu-central-1b,eu-central-1,eu-central-1a,Desconocido
2026-06-12 10:04:07.403,OK,200,eu-central-1a,eu-central-1,eu-central-1a,Desconocido
2026-06-12 10:04:08.013,OK,200,eu-central-1a,eu-central-1,eu-central-1c,Desconocido
2026-06-12 10:04:08.596,FAIL,500,Desconocida,Desconocida,Desconocida,Desconocido
2026-06-12 10:04:09.173,OK,200,eu-central-1b,eu-central-1,eu-central-1c,Desconocido
2026-06-12 10:04:09.755,FAIL,500,Desconocida,Desconocida,Desconocida,Desconocido
2026-06-12 10:04:10.331,FAIL,500,Desconocida,Desconocida,Desconocida,Desconocido
2026-06-12 10:04:10.912,OK,200,eu-central-1b,eu-central-1,eu-central-1c,Desconocido
2026-06-12 10:04:11.502,OK,200,eu-central-1b,eu-central-1,eu-central-1b,Desconocido
2026-06-12 10:04:12.100,OK,200,eu-central-1a,eu-central-1,eu-central-1a,Desconocido
2026-06-12 10:04:12.688,OK,200,eu-central-1a,eu-central-1,eu-central-1c,Desconocido
2026-06-12 10:04:13.346,FAIL,500,Desconocida,Desconocida,Desconocida,Desconocido
2026-06-12 10:04:13.937,FAIL,500,Desconocida,Desconocida,Desconocida,Desconocido
2026-06-12 10:04:14.526,OK,200,eu-central-1b,eu-central-1,eu-central-1a,Desconocido
2026-06-12 10:04:15.125,OK,200,eu-central-1b,eu-central-1,eu-central-1b,Desconocido
2026-06-12 10:04:16.363,OK,200,eu-central-1a,eu-central-1,eu-central-1b,Desconocido
2026-06-12 10:04:16.963,FAIL,500,Desconocida,Desconocida,Desconocida,Desconocido
2026-06-12 10:04:17.562,OK,200,eu-central-1a,eu-central-1,eu-central-1b,Desconocido
2026-06-12 10:04:18.156,OK,200,eu-central-1a,eu-central-1,eu-central-1a,Desconocido
2026-06-12 10:04:18.757,OK,200,eu-central-1b,eu-central-1,eu-central-1a,Desconocido
2026-06-12 10:04:19.361,FAIL,500,Desconocida,Desconocida,Desconocida,Desconocido
2026-06-12 10:04:19.946,OK,200,eu-central-1b,eu-central-1,eu-central-1c,Desconocido
2026-06-12 10:04:20.536,OK,200,eu-central-1a,eu-central-1,eu-central-1c,Desconocido
2026-06-12 10:04:21.122,FAIL,500,Desconocida,Desconocida,Desconocida,Desconocido
2026-06-12 10:04:21.711,OK,200,eu-central-1a,eu-central-1,eu-central-1b,Desconocido
2026-06-12 10:04:22.308,FAIL,500,Desconocida,Desconocida,Desconocida,Desconocido
2026-06-12 10:04:22.893,FAIL,500,Desconocida,Desconocida,Desconocida,Desconocido
2026-06-12 10:04:23.490,OK,200,eu-central-1b,eu-central-1,eu-central-1c,Desconocido
2026-06-12 10:04:24.083,OK,200,eu-central-1a,eu-central-1,eu-central-1a,Desconocido
2026-06-12 10:04:24.679,FAIL,500,Desconocida,Desconocida,Desconocida,Desconocido
2026-06-12 10:04:25.268,OK,200,eu-central-1b,eu-central-1,eu-central-1b,Desconocido
2026-06-12 10:04:25.875,OK,200,eu-central-1a,eu-central-1,eu-central-1c,Desconocido
2026-06-12 10:04:26.485,FAIL,500,Desconocida,Desconocida,Desconocida,Desconocido
2026-06-12 10:04:27.076,OK,200,eu-central-1b,eu-central-1,eu-central-1b,Desconocido
2026-06-12 10:04:27.668,OK,200,eu-central-1b,eu-central-1,eu-central-1a,Desconocido
2026-06-12 10:04:28.271,OK,200,eu-central-1a,eu-central-1,eu-central-1a,Desconocido
2026-06-12 10:04:28.860,OK,200,eu-central-1a,eu-central-1,eu-central-1c,Desconocido
2026-06-12 10:04:29.544,OK,200,eu-central-1b,eu-central-1,eu-central-1a,Desconocido
2026-06-12 10:04:30.160,FAIL,500,Desconocida,Desconocida,Desconocida,Desconocido
2026-06-12 10:04:30.740,OK,200,eu-central-1b,eu-central-1,eu-central-1c,Desconocido
2026-06-12 10:04:31.340,OK,200,eu-central-1a,eu-central-1,eu-central-1b,Desconocido
2026-06-12 10:04:31.935,OK,200,eu-central-1a,eu-central-1,eu-central-1a,Desconocido
2026-06-12 10:04:32.528,FAIL,500,Desconocida,Desconocida,Desconocida,Desconocido
2026-06-12 10:04:33.132,FAIL,500,Desconocida,Desconocida,Desconocida,Desconocido
2026-06-12 10:04:33.715,FAIL,500,Desconocida,Desconocida,Desconocida,Desconocido
2026-06-12 10:04:34.313,OK,200,eu-central-1b,eu-central-1,eu-central-1c,Desconocido
2026-06-12 10:04:34.914,OK,200,eu-central-1b,eu-central-1,eu-central-1b,Desconocido
2026-06-12 10:04:35.527,OK,200,eu-central-1b,eu-central-1,eu-central-1b,Desconocido
2026-06-12 10:04:36.208,OK,200,eu-central-1a,eu-central-1,eu-central-1c,Desconocido
2026-06-12 10:04:36.818,FAIL,500,Desconocida,Desconocida,Desconocida,Desconocido
2026-06-12 10:04:37.405,OK,200,eu-central-1a,eu-central-1,eu-central-1b,Desconocido
2026-06-12 10:04:38.011,OK,200,eu-central-1b,eu-central-1,eu-central-1a,Desconocido
2026-06-12 10:04:38.653,OK,200,eu-central-1a,eu-central-1,eu-central-1b,Desconocido
2026-06-12 10:04:39.251,FAIL,500,Desconocida,Desconocida,Desconocida,Desconocido
2026-06-12 10:04:39.866,FAIL,500,Desconocida,Desconocida,Desconocida,Desconocido
2026-06-12 10:04:40.466,OK,200,eu-central-1b,eu-central-1,eu-central-1c,Desconocido
2026-06-12 10:04:41.066,OK,200,eu-central-1b,eu-central-1,eu-central-1b,Desconocido
2026-06-12 10:04:41.703,OK,200,eu-central-1a,eu-central-1,eu-central-1a,Desconocido
2026-06-12 10:04:42.351,OK,200,eu-central-1a,eu-central-1,eu-central-1c,Desconocido
2026-06-12 10:04:42.939,OK,200,eu-central-1a,eu-central-1,eu-central-1b,Desconocido
2026-06-12 10:04:43.563,FAIL,500,Desconocida,Desconocida,Desconocida,Desconocido
2026-06-12 10:04:44.156,OK,200,eu-central-1b,eu-central-1,eu-central-1a,Desconocido
2026-06-12 10:04:44.745,OK,200,eu-central-1a,eu-central-1,eu-central-1a,Desconocido
2026-06-12 10:04:45.333,FAIL,500,Desconocida,Desconocida,Desconocida,Desconocido
2026-06-12 10:04:45.928,FAIL,500,Desconocida,Desconocida,Desconocida,Desconocido
2026-06-12 10:04:46.510,OK,200,eu-central-1b,eu-central-1,eu-central-1a,Desconocido
2026-06-12 10:04:47.114,FAIL,500,Desconocida,Desconocida,Desconocida,Desconocido
2026-06-12 10:04:47.711,OK,200,eu-central-1b,eu-central-1,eu-central-1c,Desconocido
2026-06-12 10:04:49.014,OK,200,eu-central-1b,eu-central-1,eu-central-1c,Desconocido
2026-06-12 10:04:49.616,OK,200,eu-central-1a,eu-central-1,eu-central-1c,Desconocido
2026-06-12 10:04:50.216,OK,200,eu-central-1a,eu-central-1,eu-central-1a,Desconocido
2026-06-12 10:04:50.848,FAIL,500,Desconocida,Desconocida,Desconocida,Desconocido
2026-06-12 10:04:51.438,OK,200,eu-central-1a,eu-central-1,eu-central-1b,Desconocido
2026-06-12 10:04:52.029,FAIL,500,Desconocida,Desconocida,Desconocida,Desconocido
2026-06-12 10:04:52.617,FAIL,500,Desconocida,Desconocida,Desconocida,Desconocido
2026-06-12 10:04:53.202,OK,200,eu-central-1b,eu-central-1,eu-central-1b,Desconocido
2026-06-12 10:04:53.799,OK,200,eu-central-1a,eu-central-1,eu-central-1c,Desconocido
2026-06-12 10:04:54.397,OK,200,eu-central-1b,eu-central-1,eu-central-1b,Desconocido
2026-06-12 10:04:54.994,OK,200,eu-central-1a,eu-central-1,eu-central-1a,Desconocido
2026-06-12 10:04:55.582,FAIL,500,Desconocida,Desconocida,Desconocida,Desconocido
2026-06-12 10:04:56.170,FAIL,500,Desconocida,Desconocida,Desconocida,Desconocido
2026-06-12 10:04:56.757,OK,200,eu-central-1b,eu-central-1,eu-central-1a,Desconocido
2026-06-12 10:04:57.360,OK,200,eu-central-1b,eu-central-1,eu-central-1a,Desconocido
2026-06-12 10:04:57.954,OK,200,eu-central-1a,eu-central-1,eu-central-1c,Desconocido
2026-06-12 10:04:58.558,OK,200,eu-central-1b,eu-central-1,eu-central-1c,Desconocido
2026-06-12 10:04:59.150,FAIL,500,Desconocida,Desconocida,Desconocida,Desconocido
2026-06-12 10:04:59.733,OK,200,eu-central-1a,eu-central-1,eu-central-1b,Desconocido
2026-06-12 10:05:00.379,OK,200,eu-central-1b,eu-central-1,eu-central-1c,Desconocido
2026-06-12 10:05:00.972,OK,200,eu-central-1a,eu-central-1,eu-central-1a,Desconocido
2026-06-12 10:05:01.558,FAIL,500,Desconocida,Desconocida,Desconocida,Desconocido
2026-06-12 10:05:02.155,FAIL,500,Desconocida,Desconocida,Desconocida,Desconocido
2026-06-12 10:05:02.735,OK,200,eu-central-1b,eu-central-1,eu-central-1b,Desconocido
2026-06-12 10:05:03.326,OK,200,eu-central-1b,eu-central-1,eu-central-1a,Desconocido
2026-06-12 10:05:03.925,OK,200,eu-central-1a,eu-central-1,eu-central-1b,Desconocido
2026-06-12 10:05:04.577,FAIL,500,Desconocida,Desconocida,Desconocida,Desconocido
2026-06-12 10:05:05.161,OK,200,eu-central-1a,eu-central-1,eu-central-1c,Desconocido
2026-06-12 10:05:05.756,FAIL,500,Desconocida,Desconocida,Desconocida,Desconocido
2026-06-12 10:05:06.347,OK,200,eu-central-1b,eu-central-1,eu-central-1b,Desconocido
2026-06-12 10:05:06.947,OK,200,eu-central-1a,eu-central-1,eu-central-1b,Desconocido
2026-06-12 10:05:07.540,FAIL,500,Desconocida,Desconocida,Desconocida,Desconocido
2026-06-12 10:05:08.144,OK,200,eu-central-1a,eu-central-1,eu-central-1a,Desconocido
2026-06-12 10:05:08.744,OK,200,eu-central-1b,eu-central-1,eu-central-1a,Desconocido
2026-06-12 10:05:09.349,OK,200,eu-central-1a,eu-central-1,eu-central-1c,Desconocido
2026-06-12 10:05:09.952,OK,200,eu-central-1b,eu-central-1,eu-central-1c,Desconocido
2026-06-12 10:05:10.554,FAIL,500,Desconocida,Desconocida,Desconocida,Desconocido
2026-06-12 10:05:11.143,OK,200,eu-central-1a,eu-central-1,eu-central-1a,Desconocido
2026-06-12 10:05:11.738,FAIL,500,Desconocida,Desconocida,Desconocida,Desconocido
2026-06-12 10:05:12.319,FAIL,500,Desconocida,Desconocida,Desconocida,Desconocido
2026-06-12 10:05:12.906,OK,200,eu-central-1b,eu-central-1,eu-central-1b,Desconocido
2026-06-12 10:05:13.505,OK,200,eu-central-1b,eu-central-1,eu-central-1a,Desconocido
2026-06-12 10:05:14.101,OK,200,eu-central-1a,eu-central-1,eu-central-1b,Desconocido
2026-06-12 10:05:14.687,OK,200,eu-central-1b,eu-central-1,eu-central-1c,Desconocido
2026-06-12 10:05:15.301,FAIL,500,Desconocida,Desconocida,Desconocida,Desconocido
2026-06-12 10:05:15.890,OK,200,eu-central-1a,eu-central-1,eu-central-1c,Desconocido
2026-06-12 10:05:16.486,OK,200,eu-central-1a,eu-central-1,eu-central-1a,Desconocido
2026-06-12 10:05:17.076,OK,200,eu-central-1b,eu-central-1,eu-central-1b,Desconocido
2026-06-12 10:05:17.671,FAIL,500,Desconocida,Desconocida,Desconocida,Desconocido
2026-06-12 10:05:18.262,OK,200,eu-central-1b,eu-central-1,eu-central-1c,Desconocido
2026-06-12 10:05:18.857,OK,200,eu-central-1a,eu-central-1,eu-central-1b,Desconocido
2026-06-12 10:05:19.470,OK,200,eu-central-1a,eu-central-1,eu-central-1a,Desconocido
2026-06-12 10:05:20.092,FAIL,500,Desconocida,Desconocida,Desconocida,Desconocido
2026-06-12 10:05:20.674,OK,200,eu-central-1b,eu-central-1,eu-central-1a,Desconocido
2026-06-12 10:05:21.980,OK,200,eu-central-1a,eu-central-1,eu-central-1c,Desconocido
2026-06-12 10:05:22.570,FAIL,500,Desconocida,Desconocida,Desconocida,Desconocido
2026-06-12 10:05:23.183,FAIL,500,Desconocida,Desconocida,Desconocida,Desconocido
2026-06-12 10:05:23.770,FAIL,500,Desconocida,Desconocida,Desconocida,Desconocido
2026-06-12 10:05:24.365,OK,200,eu-central-1b,eu-central-1,eu-central-1b,Desconocido
2026-06-12 10:05:24.951,OK,200,eu-central-1b,eu-central-1,eu-central-1a,Desconocido
2026-06-12 10:05:25.546,OK,200,eu-central-1a,eu-central-1,eu-central-1b,Desconocido
2026-06-12 10:05:26.148,OK,200,eu-central-1a,eu-central-1,eu-central-1a,Desconocido
2026-06-12 10:05:26.748,FAIL,500,Desconocida,Desconocida,Desconocida,Desconocido
2026-06-12 10:05:27.333,OK,200,eu-central-1b,eu-central-1,eu-central-1c,Desconocido
2026-06-12 10:05:27.926,FAIL,500,Desconocida,Desconocida,Desconocida,Desconocido
2026-06-12 10:05:28.511,OK,200,eu-central-1b,eu-central-1,eu-central-1c,Desconocido
2026-06-12 10:05:29.104,OK,200,eu-central-1b,eu-central-1,eu-central-1b,Desconocido
2026-06-12 10:05:29.708,OK,200,eu-central-1a,eu-central-1,eu-central-1c,Desconocido
2026-06-12 10:05:30.300,FAIL,500,Desconocida,Desconocida,Desconocida,Desconocido
2026-06-12 10:05:30.880,OK,200,eu-central-1a,eu-central-1,eu-central-1b,Desconocido
2026-06-12 10:05:31.483,OK,200,eu-central-1b,eu-central-1,eu-central-1a,Desconocido
2026-06-12 10:05:32.101,OK,200,eu-central-1a,eu-central-1,eu-central-1a,Desconocido
2026-06-12 10:05:32.685,FAIL,500,Desconocida,Desconocida,Desconocida,Desconocido
2026-06-12 10:05:33.269,OK,200,eu-central-1b,eu-central-1,eu-central-1b,Desconocido
2026-06-12 10:05:33.859,FAIL,500,Desconocida,Desconocida,Desconocida,Desconocido
2026-06-12 10:05:34.462,OK,200,eu-central-1b,eu-central-1,eu-central-1c,Desconocido
2026-06-12 10:05:35.069,OK,200,eu-central-1a,eu-central-1,eu-central-1c,Desconocido
2026-06-12 10:05:35.663,FAIL,500,Desconocida,Desconocida,Desconocida,Desconocido
2026-06-12 10:05:36.258,OK,200,eu-central-1a,eu-central-1,eu-central-1b,Desconocido
2026-06-12 10:05:36.854,OK,200,eu-central-1b,eu-central-1,eu-central-1a,Desconocido
2026-06-12 10:05:37.446,FAIL,500,Desconocida,Desconocida,Desconocida,Desconocido
2026-06-12 10:05:38.027,OK,200,eu-central-1a,eu-central-1,eu-central-1a,Desconocido
2026-06-12 10:05:38.626,OK,200,eu-central-1b,eu-central-1,eu-central-1b,Desconocido
2026-06-12 10:05:39.214,OK,200,eu-central-1a,eu-central-1,eu-central-1c,Desconocido
2026-06-12 10:05:39.831,OK,200,eu-central-1a,eu-central-1,eu-central-1b,Desconocido
2026-06-12 10:05:40.439,FAIL,500,Desconocida,Desconocida,Desconocida,Desconocido
2026-06-12 10:05:41.032,FAIL,500,Desconocida,Desconocida,Desconocida,Desconocido
2026-06-12 10:05:41.627,OK,200,eu-central-1b,eu-central-1,eu-central-1c,Desconocido
2026-06-12 10:05:42.222,OK,200,eu-central-1b,eu-central-1,eu-central-1b,Desconocido
2026-06-12 10:05:42.815,OK,200,eu-central-1a,eu-central-1,eu-central-1c,Desconocido
2026-06-12 10:05:43.408,FAIL,500,Desconocida,Desconocida,Desconocida,Desconocido
2026-06-12 10:05:44.014,OK,200,eu-central-1a,eu-central-1,eu-central-1a,Desconocido
2026-06-12 10:05:44.603,FAIL,500,Desconocida,Desconocida,Desconocida,Desconocido
2026-06-12 10:05:45.192,OK,200,eu-central-1b,eu-central-1,eu-central-1a,Desconocido
2026-06-12 10:05:45.782,OK,200,eu-central-1b,eu-central-1,eu-central-1c,Desconocido
2026-06-12 10:05:46.372,OK,200,eu-central-1a,eu-central-1,eu-central-1b,Desconocido
2026-06-12 10:05:46.965,FAIL,500,Desconocida,Desconocida,Desconocida,Desconocido
2026-06-12 10:05:47.560,OK,200,eu-central-1a,eu-central-1,eu-central-1a,Desconocido
2026-06-12 10:05:48.169,FAIL,500,Desconocida,Desconocida,Desconocida,Desconocido
2026-06-12 10:05:48.760,OK,200,eu-central-1b,eu-central-1,eu-central-1b,Desconocido
2026-06-12 10:05:49.407,OK,200,eu-central-1a,eu-central-1,eu-central-1c,Desconocido
2026-06-12 10:05:50.008,FAIL,500,Desconocida,Desconocida,Desconocida,Desconocido
2026-06-12 10:05:50.597,FAIL,500,Desconocida,Desconocida,Desconocida,Desconocido
2026-06-12 10:05:51.180,OK,200,eu-central-1b,eu-central-1,eu-central-1a,Desconocido
2026-06-12 10:05:51.776,OK,200,eu-central-1b,eu-central-1,eu-central-1c,Desconocido
2026-06-12 10:05:52.371,OK,200,eu-central-1a,eu-central-1,eu-central-1c,Desconocido
2026-06-12 10:05:52.965,OK,200,eu-central-1b,eu-central-1,eu-central-1a,Desconocido
2026-06-12 10:05:53.592,OK,200,eu-central-1a,eu-central-1,eu-central-1b,Desconocido
2026-06-12 10:05:54.193,FAIL,500,Desconocida,Desconocida,Desconocida,Desconocido
2026-06-12 10:05:55.510,FAIL,500,Desconocida,Desconocida,Desconocida,Desconocido
2026-06-12 10:05:56.121,OK,200,eu-central-1b,eu-central-1,eu-central-1c,Desconocido
2026-06-12 10:05:56.723,OK,200,eu-central-1a,eu-central-1,eu-central-1a,Desconocido
2026-06-12 10:05:57.320,FAIL,500,Desconocida,Desconocida,Desconocida,Desconocido
2026-06-12 10:05:57.911,OK,200,eu-central-1b,eu-central-1,eu-central-1b,Desconocido
2026-06-12 10:05:58.510,OK,200,eu-central-1b,eu-central-1,eu-central-1a,Desconocido
2026-06-12 10:05:59.093,OK,200,eu-central-1a,eu-central-1,eu-central-1c,Desconocido
2026-06-12 10:05:59.687,FAIL,500,Desconocida,Desconocida,Desconocida,Desconocido
2026-06-12 10:06:00.274,OK,200,eu-central-1a,eu-central-1,eu-central-1b,Desconocido
2026-06-12 10:06:00.880,OK,200,eu-central-1a,eu-central-1,eu-central-1a,Desconocido
2026-06-12 10:06:01.476,FAIL,500,Desconocida,Desconocida,Desconocida,Desconocido
2026-06-12 10:06:02.067,FAIL,500,Desconocida,Desconocida,Desconocida,Desconocido
2026-06-12 10:06:02.667,OK,200,eu-central-1b,eu-central-1,eu-central-1b,Desconocido
2026-06-12 10:06:03.263,OK,200,eu-central-1b,eu-central-1,eu-central-1c,Desconocido
2026-06-12 10:06:03.874,OK,200,eu-central-1a,eu-central-1,eu-central-1b,Desconocido
2026-06-12 10:06:04.465,FAIL,500,Desconocida,Desconocida,Desconocida,Desconocido
2026-06-12 10:06:05.055,OK,200,eu-central-1b,eu-central-1,eu-central-1a,Desconocido
2026-06-12 10:06:05.685,OK,200,eu-central-1a,eu-central-1,eu-central-1a,Desconocido
2026-06-12 10:06:06.275,OK,200,eu-central-1a,eu-central-1,eu-central-1c,Desconocido
2026-06-12 10:06:06.866,FAIL,500,Desconocida,Desconocida,Desconocida,Desconocido
2026-06-12 10:06:07.463,OK,200,eu-central-1b,eu-central-1,eu-central-1b,Desconocido
2026-06-12 10:06:08.054,OK,200,eu-central-1a,eu-central-1,eu-central-1c,Desconocido
2026-06-12 10:06:08.662,FAIL,500,Desconocida,Desconocida,Desconocida,Desconocido
2026-06-12 10:06:09.245,FAIL,500,Desconocida,Desconocida,Desconocida,Desconocido
2026-06-12 10:06:09.829,OK,200,eu-central-1b,eu-central-1,eu-central-1c,Desconocido
2026-06-12 10:06:10.434,OK,200,eu-central-1b,eu-central-1,eu-central-1b,Desconocido
2026-06-12 10:06:11.024,OK,200,eu-central-1b,eu-central-1,eu-central-1a,Desconocido
2026-06-12 10:06:11.656,OK,200,eu-central-1a,eu-central-1,eu-central-1b,Desconocido
2026-06-12 10:06:12.258,FAIL,500,Desconocida,Desconocida,Desconocida,Desconocido
2026-06-12 10:06:12.845,OK,200,eu-central-1a,eu-central-1,eu-central-1a,Desconocido
2026-06-12 10:06:13.438,FAIL,500,Desconocida,Desconocida,Desconocida,Desconocido
2026-06-12 10:06:14.021,OK,200,eu-central-1b,eu-central-1,eu-central-1c,Desconocido
2026-06-12 10:06:14.617,OK,200,eu-central-1a,eu-central-1,eu-central-1c,Desconocido
2026-06-12 10:06:15.220,OK,200,eu-central-1b,eu-central-1,eu-central-1b,Desconocido
2026-06-12 10:06:15.809,FAIL,500,Desconocida,Desconocida,Desconocida,Desconocido
2026-06-12 10:06:16.390,OK,200,eu-central-1a,eu-central-1,eu-central-1b,Desconocido
2026-06-12 10:06:16.985,FAIL,500,Desconocida,Desconocida,Desconocida,Desconocido
2026-06-12 10:06:17.612,OK,200,eu-central-1a,eu-central-1,eu-central-1b,Desconocido
2026-06-12 10:06:18.201,OK,200,eu-central-1b,eu-central-1,eu-central-1a,Desconocido
2026-06-12 10:06:18.796,FAIL,500,Desconocida,Desconocida,Desconocida,Desconocido
2026-06-12 10:06:19.378,OK,200,eu-central-1b,eu-central-1,eu-central-1c,Desconocido
2026-06-12 10:06:19.967,OK,200,eu-central-1b,eu-central-1,eu-central-1b,Desconocido
2026-06-12 10:06:20.554,OK,200,eu-central-1a,eu-central-1,eu-central-1a,Desconocido
2026-06-12 10:06:21.150,OK,200,eu-central-1a,eu-central-1,eu-central-1c,Desconocido
2026-06-12 10:06:21.746,OK,200,eu-central-1a,eu-central-1,eu-central-1a,Desconocido
2026-06-12 10:06:22.336,OK,200,eu-central-1b,eu-central-1,eu-central-1a,Desconocido
2026-06-12 10:06:22.929,OK,200,eu-central-1b,eu-central-1,eu-central-1c,Desconocido
2026-06-12 10:06:23.518,OK,200,eu-central-1a,eu-central-1,eu-central-1c,Desconocido
2026-06-12 10:06:24.108,OK,200,eu-central-1a,eu-central-1,eu-central-1b,Desconocido
2026-06-12 10:06:24.700,FAIL,500,Desconocida,Desconocida,Desconocida,Desconocido
2026-06-12 10:06:25.292,OK,200,eu-central-1b,eu-central-1,eu-central-1b,Desconocido
2026-06-12 10:06:25.884,OK,200,eu-central-1b,eu-central-1,eu-central-1a,Desconocido
2026-06-12 10:06:26.513,OK,200,eu-central-1b,eu-central-1,eu-central-1a,Desconocido
2026-06-12 10:06:27.106,OK,200,eu-central-1a,eu-central-1,eu-central-1b,Desconocido
2026-06-12 10:06:28.425,FAIL,500,Desconocida,Desconocida,Desconocida,Desconocido
2026-06-12 10:06:29.009,OK,200,eu-central-1b,eu-central-1,eu-central-1c,Desconocido
2026-06-12 10:06:29.595,OK,200,eu-central-1a,eu-central-1,eu-central-1a,Desconocido
2026-06-12 10:06:30.186,OK,200,eu-central-1a,eu-central-1,eu-central-1a,Desconocido
2026-06-12 10:06:30.785,FAIL,500,Desconocida,Desconocida,Desconocida,Desconocido
2026-06-12 10:06:31.374,OK,200,eu-central-1b,eu-central-1,eu-central-1c,Desconocido
2026-06-12 10:06:31.973,OK,200,eu-central-1a,eu-central-1,eu-central-1c,Desconocido
2026-06-12 10:06:32.568,OK,200,eu-central-1b,eu-central-1,eu-central-1b,Desconocido
2026-06-12 10:06:33.165,OK,200,eu-central-1a,eu-central-1,eu-central-1b,Desconocido
2026-06-12 10:06:33.763,OK,200,eu-central-1b,eu-central-1,eu-central-1a,Desconocido
2026-06-12 10:06:34.355,OK,200,eu-central-1b,eu-central-1,eu-central-1b,Desconocido
2026-06-12 10:06:34.961,OK,200,eu-central-1a,eu-central-1,eu-central-1a,Desconocido
2026-06-12 10:06:35.600,OK,200,eu-central-1a,eu-central-1,eu-central-1c,Desconocido
2026-06-12 10:06:36.199,OK,200,eu-central-1b,eu-central-1,eu-central-1c,Desconocido
2026-06-12 10:06:36.788,OK,200,eu-central-1a,eu-central-1,eu-central-1b,Desconocido
2026-06-12 10:06:37.387,OK,200,eu-central-1a,eu-central-1,eu-central-1c,Desconocido
2026-06-12 10:06:37.985,OK,200,eu-central-1b,eu-central-1,eu-central-1b,Desconocido
2026-06-12 10:06:38.578,OK,200,eu-central-1b,eu-central-1,eu-central-1a,Desconocido
2026-06-12 10:06:39.172,OK,200,eu-central-1b,eu-central-1,eu-central-1c,Desconocido
2026-06-12 10:06:39.766,OK,200,eu-central-1a,eu-central-1,eu-central-1a,Desconocido
2026-06-12 10:06:40.371,OK,200,eu-central-1b,eu-central-1,eu-central-1b,Desconocido
2026-06-12 10:06:40.960,OK,200,eu-central-1a,eu-central-1,eu-central-1b,Desconocido
2026-06-12 10:06:41.565,OK,200,eu-central-1a,eu-central-1,eu-central-1a,Desconocido
2026-06-12 10:06:42.161,OK,200,eu-central-1b,eu-central-1,eu-central-1a,Desconocido
2026-06-12 10:06:42.755,OK,200,eu-central-1a,eu-central-1,eu-central-1c,Desconocido
2026-06-12 10:06:43.385,OK,200,eu-central-1b,eu-central-1,eu-central-1a,Desconocido
2026-06-12 10:06:43.977,OK,200,eu-central-1b,eu-central-1,eu-central-1c,Desconocido
2026-06-12 10:06:44.582,OK,200,eu-central-1a,eu-central-1,eu-central-1c,Desconocido
2026-06-12 10:06:45.184,OK,200,eu-central-1a,eu-central-1,eu-central-1b,Desconocido
2026-06-12 10:06:45.785,OK,200,eu-central-1b,eu-central-1,eu-central-1b,Desconocido
2026-06-12 10:06:46.382,OK,200,eu-central-1a,eu-central-1,eu-central-1b,Desconocido
2026-06-12 10:06:47.011,OK,200,eu-central-1b,eu-central-1,eu-central-1c,Desconocido
2026-06-12 10:06:47.604,OK,200,eu-central-1a,eu-central-1,eu-central-1a,Desconocido
2026-06-12 10:06:48.198,OK,200,eu-central-1a,eu-central-1,eu-central-1c,Desconocido
2026-06-12 10:06:48.799,OK,200,eu-central-1b,eu-central-1,eu-central-1b,Desconocido
2026-06-12 10:06:49.387,OK,200,eu-central-1a,eu-central-1,eu-central-1b,Desconocido
2026-06-12 10:06:49.976,OK,200,eu-central-1b,eu-central-1,eu-central-1a,Desconocido
2026-06-12 10:06:50.600,OK,200,eu-central-1a,eu-central-1,eu-central-1a,Desconocido
2026-06-12 10:06:51.199,OK,200,eu-central-1b,eu-central-1,eu-central-1a,Desconocido
2026-06-12 10:06:51.788,OK,200,eu-central-1b,eu-central-1,eu-central-1c,Desconocido
2026-06-12 10:06:52.369,OK,200,eu-central-1b,eu-central-1,eu-central-1b,Desconocido
2026-06-12 10:06:52.956,OK,200,eu-central-1a,eu-central-1,eu-central-1a,Desconocido
2026-06-12 10:06:53.547,OK,200,eu-central-1a,eu-central-1,eu-central-1c,Desconocido
2026-06-12 10:06:54.146,OK,200,eu-central-1b,eu-central-1,eu-central-1c,Desconocido
2026-06-12 10:06:54.738,OK,200,eu-central-1a,eu-central-1,eu-central-1c,Desconocido
2026-06-12 10:06:55.323,OK,200,eu-central-1b,eu-central-1,eu-central-1b,Desconocido
2026-06-12 10:06:55.913,OK,200,eu-central-1a,eu-central-1,eu-central-1b,Desconocido
2026-06-12 10:06:56.497,OK,200,eu-central-1b,eu-central-1,eu-central-1a,Desconocido
2026-06-12 10:06:57.088,OK,200,eu-central-1a,eu-central-1,eu-central-1a,Desconocido
2026-06-12 10:06:57.706,OK,200,eu-central-1b,eu-central-1,eu-central-1c,Desconocido
2026-06-12 10:06:58.346,OK,200,eu-central-1a,eu-central-1,eu-central-1b,Desconocido
2026-06-12 10:06:58.934,OK,200,eu-central-1b,eu-central-1,eu-central-1b,Desconocido
2026-06-12 10:06:59.521,OK,200,eu-central-1b,eu-central-1,eu-central-1a,Desconocido
2026-06-12 10:07:00.116,OK,200,eu-central-1a,eu-central-1,eu-central-1c,Desconocido
2026-06-12 10:07:01.456,OK,200,eu-central-1a,eu-central-1,eu-central-1b,Desconocido
2026-06-12 10:07:02.049,OK,200,eu-central-1b,eu-central-1,eu-central-1a,Desconocido
2026-06-12 10:07:02.658,OK,200,eu-central-1a,eu-central-1,eu-central-1a,Desconocido
2026-06-12 10:07:03.268,OK,200,eu-central-1b,eu-central-1,eu-central-1c,Desconocido
2026-06-12 10:07:03.879,OK,200,eu-central-1a,eu-central-1,eu-central-1a,Desconocido
2026-06-12 10:07:04.468,OK,200,eu-central-1b,eu-central-1,eu-central-1c,Desconocido
2026-06-12 10:07:05.062,OK,200,eu-central-1a,eu-central-1,eu-central-1c,Desconocido
2026-06-12 10:07:05.699,OK,200,eu-central-1a,eu-central-1,eu-central-1b,Desconocido
2026-06-12 10:07:06.285,OK,200,eu-central-1b,eu-central-1,eu-central-1b,Desconocido
2026-06-12 10:07:06.870,OK,200,eu-central-1a,eu-central-1,eu-central-1c,Desconocido
2026-06-12 10:07:07.464,OK,200,eu-central-1b,eu-central-1,eu-central-1a,Desconocido
2026-06-12 10:07:08.048,OK,200,eu-central-1b,eu-central-1,eu-central-1b,Desconocido
2026-06-12 10:07:08.638,OK,200,eu-central-1b,eu-central-1,eu-central-1a,Desconocido
2026-06-12 10:07:09.232,OK,200,eu-central-1a,eu-central-1,eu-central-1b,Desconocido
2026-06-12 10:07:09.821,OK,200,eu-central-1a,eu-central-1,eu-central-1a,Desconocido
2026-06-12 10:07:10.424,OK,200,eu-central-1b,eu-central-1,eu-central-1c,Desconocido
2026-06-12 10:07:11.016,OK,200,eu-central-1a,eu-central-1,eu-central-1c,Desconocido
2026-06-12 10:07:11.613,OK,200,eu-central-1b,eu-central-1,eu-central-1c,Desconocido
2026-06-12 10:07:12.203,OK,200,eu-central-1a,eu-central-1,eu-central-1b,Desconocido
2026-06-12 10:07:12.791,OK,200,eu-central-1b,eu-central-1,eu-central-1b,Desconocido
2026-06-12 10:07:13.378,OK,200,eu-central-1b,eu-central-1,eu-central-1b,Desconocido
2026-06-12 10:07:13.968,OK,200,eu-central-1a,eu-central-1,eu-central-1a,Desconocido
2026-06-12 10:07:14.566,OK,200,eu-central-1a,eu-central-1,eu-central-1c,Desconocido
2026-06-12 10:07:15.163,OK,200,eu-central-1a,eu-central-1,eu-central-1b,Desconocido
2026-06-12 10:07:15.762,OK,200,eu-central-1b,eu-central-1,eu-central-1a,Desconocido
2026-06-12 10:07:16.359,OK,200,eu-central-1b,eu-central-1,eu-central-1a,Desconocido
2026-06-12 10:07:16.950,OK,200,eu-central-1a,eu-central-1,eu-central-1a,Desconocido
2026-06-12 10:07:17.535,OK,200,eu-central-1b,eu-central-1,eu-central-1c,Desconocido
2026-06-12 10:07:18.129,OK,200,eu-central-1b,eu-central-1,eu-central-1c,Desconocido
2026-06-12 10:07:18.724,OK,200,eu-central-1a,eu-central-1,eu-central-1c,Desconocido
2026-06-12 10:07:19.315,OK,200,eu-central-1b,eu-central-1,eu-central-1b,Desconocido
2026-06-12 10:07:19.905,OK,200,eu-central-1a,eu-central-1,eu-central-1b,Desconocido
2026-06-12 10:07:20.522,OK,200,eu-central-1b,eu-central-1,eu-central-1b,Desconocido
2026-06-12 10:07:21.116,OK,200,eu-central-1a,eu-central-1,eu-central-1a,Desconocido
2026-06-12 10:07:21.704,OK,200,eu-central-1a,eu-central-1,eu-central-1a,Desconocido
2026-06-12 10:07:22.295,OK,200,eu-central-1b,eu-central-1,eu-central-1a,Desconocido
2026-06-12 10:07:22.887,OK,200,eu-central-1b,eu-central-1,eu-central-1a,Desconocido
2026-06-12 10:07:23.474,OK,200,eu-central-1a,eu-central-1,eu-central-1c,Desconocido
2026-06-12 10:07:24.061,OK,200,eu-central-1a,eu-central-1,eu-central-1b,Desconocido
2026-06-12 10:07:24.646,OK,200,eu-central-1b,eu-central-1,eu-central-1c,Desconocido
2026-06-12 10:07:25.235,OK,200,eu-central-1b,eu-central-1,eu-central-1c,Desconocido
2026-06-12 10:07:25.823,OK,200,eu-central-1a,eu-central-1,eu-central-1c,Desconocido
2026-06-12 10:07:26.424,OK,200,eu-central-1a,eu-central-1,eu-central-1a,Desconocido
2026-06-12 10:07:27.023,OK,200,eu-central-1b,eu-central-1,eu-central-1b,Desconocido
2026-06-12 10:07:27.610,OK,200,eu-central-1a,eu-central-1,eu-central-1c,Desconocido
2026-06-12 10:07:28.238,OK,200,eu-central-1a,eu-central-1,eu-central-1b,Desconocido
2026-06-12 10:07:28.825,OK,200,eu-central-1b,eu-central-1,eu-central-1b,Desconocido
2026-06-12 10:07:29.413,OK,200,eu-central-1a,eu-central-1,eu-central-1b,Desconocido
2026-06-12 10:07:30.020,OK,200,eu-central-1b,eu-central-1,eu-central-1a,Desconocido
2026-06-12 10:07:30.607,OK,200,eu-central-1b,eu-central-1,eu-central-1c,Desconocido
2026-06-12 10:07:31.232,OK,200,eu-central-1a,eu-central-1,eu-central-1a,Desconocido
2026-06-12 10:07:31.818,OK,200,eu-central-1b,eu-central-1,eu-central-1a,Desconocido
2026-06-12 10:07:32.407,OK,200,eu-central-1a,eu-central-1,eu-central-1c,Desconocido
2026-06-12 10:07:32.995,OK,200,eu-central-1b,eu-central-1,eu-central-1b,Desconocido
2026-06-12 10:07:34.315,OK,200,eu-central-1a,eu-central-1,eu-central-1a,Desconocido
2026-06-12 10:07:34.902,OK,200,eu-central-1a,eu-central-1,eu-central-1c,Desconocido
2026-06-12 10:07:35.506,OK,200,eu-central-1b,eu-central-1,eu-central-1a,Desconocido
2026-06-12 10:07:36.093,OK,200,eu-central-1a,eu-central-1,eu-central-1b,Desconocido
2026-06-12 10:07:36.688,OK,200,eu-central-1b,eu-central-1,eu-central-1c,Desconocido
2026-06-12 10:07:37.297,OK,200,eu-central-1b,eu-central-1,eu-central-1b,Desconocido
2026-06-12 10:07:37.891,OK,200,eu-central-1a,eu-central-1,eu-central-1a,Desconocido
2026-06-12 10:07:38.477,OK,200,eu-central-1b,eu-central-1,eu-central-1a,Desconocido
2026-06-12 10:07:39.066,OK,200,eu-central-1a,eu-central-1,eu-central-1b,Desconocido
2026-06-12 10:07:39.658,OK,200,eu-central-1b,eu-central-1,eu-central-1c,Desconocido
2026-06-12 10:07:40.251,OK,200,eu-central-1a,eu-central-1,eu-central-1c,Desconocido
2026-06-12 10:07:40.834,OK,200,eu-central-1a,eu-central-1,eu-central-1a,Desconocido
2026-06-12 10:07:41.436,OK,200,eu-central-1b,eu-central-1,eu-central-1b,Desconocido
2026-06-12 10:07:42.016,OK,200,eu-central-1a,eu-central-1,eu-central-1b,Desconocido
2026-06-12 10:07:42.626,OK,200,eu-central-1b,eu-central-1,eu-central-1c,Desconocido
2026-06-12 10:07:43.216,OK,200,eu-central-1a,eu-central-1,eu-central-1a,Desconocido
2026-06-12 10:07:43.805,OK,200,eu-central-1b,eu-central-1,eu-central-1b,Desconocido
2026-06-12 10:07:44.394,OK,200,eu-central-1a,eu-central-1,eu-central-1c,Desconocido
2026-06-12 10:07:44.982,OK,200,eu-central-1b,eu-central-1,eu-central-1a,Desconocido
2026-06-12 10:07:45.576,OK,200,eu-central-1a,eu-central-1,eu-central-1b,Desconocido
2026-06-12 10:07:46.165,OK,200,eu-central-1b,eu-central-1,eu-central-1c,Desconocido
2026-06-12 10:07:46.752,OK,200,eu-central-1b,eu-central-1,eu-central-1b,Desconocido
2026-06-12 10:07:47.339,OK,200,eu-central-1a,eu-central-1,eu-central-1c,Desconocido
2026-06-12 10:07:47.932,OK,200,eu-central-1b,eu-central-1,eu-central-1a,Desconocido
2026-06-12 10:07:48.520,OK,200,eu-central-1a,eu-central-1,eu-central-1b,Desconocido
2026-06-12 10:07:49.105,OK,200,eu-central-1b,eu-central-1,eu-central-1c,Desconocido
2026-06-12 10:07:49.695,OK,200,eu-central-1a,eu-central-1,eu-central-1a,Desconocido
2026-06-12 10:07:50.334,OK,200,eu-central-1b,eu-central-1,eu-central-1b,Desconocido
2026-06-12 10:07:50.932,OK,200,eu-central-1a,eu-central-1,eu-central-1c,Desconocido
2026-06-12 10:07:51.531,OK,200,eu-central-1b,eu-central-1,eu-central-1a,Desconocido
2026-06-12 10:07:52.126,OK,200,eu-central-1a,eu-central-1,eu-central-1a,Desconocido
2026-06-12 10:07:52.718,OK,200,eu-central-1b,eu-central-1,eu-central-1c,Desconocido
2026-06-12 10:07:53.313,OK,200,eu-central-1a,eu-central-1,eu-central-1b,Desconocido
2026-06-12 10:07:53.899,OK,200,eu-central-1b,eu-central-1,eu-central-1a,Desconocido
2026-06-12 10:07:54.487,OK,200,eu-central-1a,eu-central-1,eu-central-1c,Desconocido
2026-06-12 10:07:55.072,OK,200,eu-central-1a,eu-central-1,eu-central-1a,Desconocido
2026-06-12 10:07:55.660,OK,200,eu-central-1b,eu-central-1,eu-central-1b,Desconocido
2026-06-12 10:07:56.293,OK,200,eu-central-1b,eu-central-1,eu-central-1a,Desconocido
2026-06-12 10:07:56.903,OK,200,eu-central-1a,eu-central-1,eu-central-1c,Desconocido
2026-06-12 10:07:57.494,OK,200,eu-central-1a,eu-central-1,eu-central-1b,Desconocido
2026-06-12 10:07:58.090,OK,200,eu-central-1b,eu-central-1,eu-central-1c,Desconocido
2026-06-12 10:07:58.680,OK,200,eu-central-1a,eu-central-1,eu-central-1a,Desconocido
2026-06-12 10:07:59.286,OK,200,eu-central-1b,eu-central-1,eu-central-1c,Desconocido
2026-06-12 10:07:59.882,OK,200,eu-central-1a,eu-central-1,eu-central-1c,Desconocido
2026-06-12 10:08:00.487,OK,200,eu-central-1b,eu-central-1,eu-central-1b,Desconocido
2026-06-12 10:08:01.088,OK,200,eu-central-1b,eu-central-1,eu-central-1a,Desconocido
2026-06-12 10:08:01.682,OK,200,eu-central-1a,eu-central-1,eu-central-1b,Desconocido
2026-06-12 10:08:02.276,OK,200,eu-central-1b,eu-central-1,eu-central-1b,Desconocido
2026-06-12 10:08:02.869,OK,200,eu-central-1a,eu-central-1,eu-central-1b,Desconocido
2026-06-12 10:08:03.459,OK,200,eu-central-1b,eu-central-1,eu-central-1a,Desconocido
2026-06-12 10:08:04.053,OK,200,eu-central-1a,eu-central-1,eu-central-1a,Desconocido
2026-06-12 10:08:04.643,OK,200,eu-central-1a,eu-central-1,eu-central-1c,Desconocido
2026-06-12 10:08:05.231,OK,200,eu-central-1b,eu-central-1,eu-central-1c,Desconocido
2026-06-12 10:08:05.856,OK,200,eu-central-1a,eu-central-1,eu-central-1b,Desconocido
2026-06-12 10:08:07.186,OK,200,eu-central-1b,eu-central-1,eu-central-1c,Desconocido
2026-06-12 10:08:07.773,OK,200,eu-central-1a,eu-central-1,eu-central-1a,Desconocido
2026-06-12 10:08:08.363,OK,200,eu-central-1b,eu-central-1,eu-central-1b,Desconocido
2026-06-12 10:08:08.953,OK,200,eu-central-1b,eu-central-1,eu-central-1b,Desconocido
2026-06-12 10:08:09.541,OK,200,eu-central-1a,eu-central-1,eu-central-1a,Desconocido
2026-06-12 10:08:10.132,OK,200,eu-central-1a,eu-central-1,eu-central-1c,Desconocido
2026-06-12 10:08:10.727,OK,200,eu-central-1b,eu-central-1,eu-central-1a,Desconocido
2026-06-12 10:08:11.320,OK,200,eu-central-1a,eu-central-1,eu-central-1c,Desconocido
2026-06-12 10:08:11.913,OK,200,eu-central-1b,eu-central-1,eu-central-1a,Desconocido
2026-06-12 10:08:12.507,OK,200,eu-central-1a,eu-central-1,eu-central-1b,Desconocido
2026-06-12 10:08:13.094,OK,200,eu-central-1b,eu-central-1,eu-central-1c,Desconocido
2026-06-12 10:08:13.678,OK,200,eu-central-1a,eu-central-1,eu-central-1b,Desconocido
2026-06-12 10:08:14.262,OK,200,eu-central-1b,eu-central-1,eu-central-1c,Desconocido
2026-06-12 10:08:14.851,OK,200,eu-central-1b,eu-central-1,eu-central-1b,Desconocido
2026-06-12 10:08:15.434,OK,200,eu-central-1a,eu-central-1,eu-central-1a,Desconocido
2026-06-12 10:08:16.027,OK,200,eu-central-1a,eu-central-1,eu-central-1a,Desconocido
2026-06-12 10:08:16.627,OK,200,eu-central-1b,eu-central-1,eu-central-1b,Desconocido
2026-06-12 10:08:17.224,OK,200,eu-central-1b,eu-central-1,eu-central-1a,Desconocido
2026-06-12 10:08:17.813,OK,200,eu-central-1a,eu-central-1,eu-central-1c,Desconocido
2026-06-12 10:08:18.405,OK,200,eu-central-1b,eu-central-1,eu-central-1c,Desconocido
2026-06-12 10:08:18.990,OK,200,eu-central-1a,eu-central-1,eu-central-1b,Desconocido
2026-06-12 10:08:19.586,OK,200,eu-central-1b,eu-central-1,eu-central-1a,Desconocido
2026-06-12 10:08:20.178,OK,200,eu-central-1a,eu-central-1,eu-central-1a,Desconocido
2026-06-12 10:08:20.765,OK,200,eu-central-1a,eu-central-1,eu-central-1c,Desconocido
2026-06-12 10:08:21.404,OK,200,eu-central-1b,eu-central-1,eu-central-1b,Desconocido
2026-06-12 10:08:21.989,OK,200,eu-central-1a,eu-central-1,eu-central-1c,Desconocido
2026-06-12 10:08:22.587,OK,200,eu-central-1b,eu-central-1,eu-central-1c,Desconocido
2026-06-12 10:08:23.182,OK,200,eu-central-1b,eu-central-1,eu-central-1b,Desconocido
2026-06-12 10:08:23.792,OK,200,eu-central-1a,eu-central-1,eu-central-1b,Desconocido
2026-06-12 10:08:24.379,OK,200,eu-central-1b,eu-central-1,eu-central-1a,Desconocido
2026-06-12 10:08:24.990,OK,200,eu-central-1a,eu-central-1,eu-central-1a,Desconocido
2026-06-12 10:08:25.620,OK,200,eu-central-1a,eu-central-1,eu-central-1c,Desconocido
2026-06-12 10:08:26.221,OK,200,eu-central-1b,eu-central-1,eu-central-1a,Desconocido
2026-06-12 10:08:26.856,OK,200,eu-central-1a,eu-central-1,eu-central-1b,Desconocido
2026-06-12 10:08:27.504,OK,200,eu-central-1b,eu-central-1,eu-central-1c,Desconocido
2026-06-12 10:08:28.254,OK,200,eu-central-1b,eu-central-1,eu-central-1c,Desconocido
2026-06-12 10:08:28.860,OK,200,eu-central-1a,eu-central-1,eu-central-1b,Desconocido
2026-06-12 10:08:29.464,OK,200,eu-central-1b,eu-central-1,eu-central-1b,Desconocido
2026-06-12 10:08:30.057,OK,200,eu-central-1a,eu-central-1,eu-central-1a,Desconocido
2026-06-12 10:08:30.654,OK,200,eu-central-1a,eu-central-1,eu-central-1a,Desconocido
2026-06-12 10:08:31.252,OK,200,eu-central-1b,eu-central-1,eu-central-1b,Desconocido
2026-06-12 10:08:31.844,OK,200,eu-central-1b,eu-central-1,eu-central-1a,Desconocido
2026-06-12 10:08:32.443,OK,200,eu-central-1a,eu-central-1,eu-central-1c,Desconocido
2026-06-12 10:08:33.046,OK,200,eu-central-1b,eu-central-1,eu-central-1c,Desconocido
2026-06-12 10:08:33.642,OK,200,eu-central-1a,eu-central-1,eu-central-1c,Desconocido
2026-06-12 10:08:34.242,OK,200,eu-central-1b,eu-central-1,eu-central-1b,Desconocido
2026-06-12 10:08:34.840,OK,200,eu-central-1a,eu-central-1,eu-central-1b,Desconocido
2026-06-12 10:08:35.475,OK,200,eu-central-1a,eu-central-1,eu-central-1a,Desconocido
2026-06-12 10:08:36.071,OK,200,eu-central-1b,eu-central-1,eu-central-1a,Desconocido
2026-06-12 10:08:36.680,OK,200,eu-central-1b,eu-central-1,eu-central-1a,Desconocido
2026-06-12 10:08:37.274,OK,200,eu-central-1a,eu-central-1,eu-central-1b,Desconocido
2026-06-12 10:08:37.861,OK,200,eu-central-1b,eu-central-1,eu-central-1c,Desconocido
2026-06-12 10:08:38.456,OK,200,eu-central-1a,eu-central-1,eu-central-1c,Desconocido
2026-06-12 10:08:39.049,OK,200,eu-central-1a,eu-central-1,eu-central-1b,Desconocido
2026-06-12 10:08:40.377,OK,200,eu-central-1b,eu-central-1,eu-central-1b,Desconocido
2026-06-12 10:08:40.961,OK,200,eu-central-1a,eu-central-1,eu-central-1a,Desconocido
2026-06-12 10:08:41.551,OK,200,eu-central-1b,eu-central-1,eu-central-1a,Desconocido
2026-06-12 10:08:42.171,OK,200,eu-central-1b,eu-central-1,eu-central-1c,Desconocido
2026-06-12 10:08:42.763,OK,200,eu-central-1a,eu-central-1,eu-central-1a,Desconocido
2026-06-12 10:08:43.372,OK,200,eu-central-1b,eu-central-1,eu-central-1c,Desconocido
2026-06-12 10:08:43.967,OK,200,eu-central-1a,eu-central-1,eu-central-1c,Desconocido
2026-06-12 10:08:44.559,OK,200,eu-central-1a,eu-central-1,eu-central-1b,Desconocido
2026-06-12 10:08:45.152,OK,200,eu-central-1b,eu-central-1,eu-central-1b,Desconocido
2026-06-12 10:08:45.774,OK,200,eu-central-1b,eu-central-1,eu-central-1b,Desconocido
2026-06-12 10:08:46.370,OK,200,eu-central-1a,eu-central-1,eu-central-1a,Desconocido
2026-06-12 10:08:47.004,OK,200,eu-central-1a,eu-central-1,eu-central-1c,Desconocido
2026-06-12 10:08:47.600,OK,200,eu-central-1b,eu-central-1,eu-central-1a,Desconocido
2026-06-12 10:08:48.196,OK,200,eu-central-1a,eu-central-1,eu-central-1b,Desconocido
2026-06-12 10:08:48.785,OK,200,eu-central-1b,eu-central-1,eu-central-1a,Desconocido
2026-06-12 10:08:49.371,OK,200,eu-central-1a,eu-central-1,eu-central-1c,Desconocido
2026-06-12 10:08:49.960,OK,200,eu-central-1b,eu-central-1,eu-central-1c,Desconocido
2026-06-12 10:08:50.595,OK,200,eu-central-1b,eu-central-1,eu-central-1c,Desconocido
2026-06-12 10:08:51.187,OK,200,eu-central-1a,eu-central-1,eu-central-1b,Desconocido
2026-06-12 10:08:51.787,OK,200,eu-central-1a,eu-central-1,eu-central-1a,Desconocido
2026-06-12 10:08:52.384,OK,200,eu-central-1b,eu-central-1,eu-central-1b,Desconocido
2026-06-12 10:08:52.966,OK,200,eu-central-1b,eu-central-1,eu-central-1b,Desconocido
2026-06-12 10:08:53.566,OK,200,eu-central-1a,eu-central-1,eu-central-1a,Desconocido
2026-06-12 10:08:54.159,OK,200,eu-central-1a,eu-central-1,eu-central-1c,Desconocido
2026-06-12 10:08:54.753,OK,200,eu-west-1c,eu-west-1,eu-west-1b,Desconocido
2026-06-12 10:08:55.388,OK,200,eu-central-1b,eu-central-1,eu-central-1a,Desconocido
2026-06-12 10:08:56.006,OK,200,eu-central-1b,eu-central-1,eu-central-1a,Desconocido
2026-06-12 10:08:56.597,OK,200,eu-west-1c,eu-west-1,eu-west-1a,Desconocido
2026-06-12 10:08:57.197,OK,200,eu-central-1a,eu-central-1,eu-central-1b,Desconocido
2026-06-12 10:08:57.784,OK,200,eu-central-1a,eu-central-1,eu-central-1c,Desconocido
2026-06-12 10:08:58.377,OK,200,eu-central-1b,eu-central-1,eu-central-1c,Desconocido
2026-06-12 10:08:58.968,OK,200,eu-central-1b,eu-central-1,eu-central-1c,Desconocido
2026-06-12 10:08:59.565,OK,200,eu-central-1a,eu-central-1,eu-central-1a,Desconocido
2026-06-12 10:09:00.183,OK,200,eu-central-1b,eu-central-1,eu-central-1b,Desconocido
2026-06-12 10:09:00.768,OK,200,eu-central-1a,eu-central-1,eu-central-1b,Desconocido
2026-06-12 10:09:01.364,OK,200,eu-central-1a,eu-central-1,eu-central-1a,Desconocido
2026-06-12 10:09:02.002,OK,200,eu-central-1b,eu-central-1,eu-central-1b,Desconocido
2026-06-12 10:09:02.591,OK,200,eu-central-1b,eu-central-1,eu-central-1a,Desconocido
2026-06-12 10:09:03.195,OK,200,eu-central-1a,eu-central-1,eu-central-1c,Desconocido
2026-06-12 10:09:03.793,OK,200,eu-central-1b,eu-central-1,eu-central-1c,Desconocido
2026-06-12 10:09:04.383,OK,200,eu-central-1a,eu-central-1,eu-central-1b,Desconocido
2026-06-12 10:09:04.973,OK,200,eu-central-1b,eu-central-1,eu-central-1b,Desconocido
2026-06-12 10:09:05.564,OK,200,eu-central-1a,eu-central-1,eu-central-1c,Desconocido
2026-06-12 10:09:06.188,OK,200,eu-central-1b,eu-central-1,eu-central-1a,Desconocido
2026-06-12 10:09:06.785,OK,200,eu-central-1a,eu-central-1,eu-central-1b,Desconocido
2026-06-12 10:09:07.394,OK,200,eu-central-1a,eu-central-1,eu-central-1a,Desconocido
2026-06-12 10:09:07.987,OK,200,eu-central-1b,eu-central-1,eu-central-1a,Desconocido
2026-06-12 10:09:08.576,OK,200,eu-central-1a,eu-central-1,eu-central-1c,Desconocido
2026-06-12 10:09:09.164,OK,200,eu-west-1c,eu-west-1,eu-west-1b,Desconocido
2026-06-12 10:09:09.756,OK,200,eu-central-1b,eu-central-1,eu-central-1c,Desconocido
2026-06-12 10:09:10.352,OK,200,eu-central-1b,eu-central-1,eu-central-1b,Desconocido
2026-06-12 10:09:10.939,OK,200,eu-central-1a,eu-central-1,eu-central-1b,Desconocido
2026-06-12 10:09:11.526,OK,200,eu-central-1a,eu-central-1,eu-central-1a,Desconocido
2026-06-12 10:09:12.860,OK,200,eu-central-1b,eu-central-1,eu-central-1c,Desconocido
2026-06-12 10:09:13.457,OK,200,eu-central-1b,eu-central-1,eu-central-1b,Desconocido
2026-06-12 10:09:14.043,OK,200,eu-central-1a,eu-central-1,eu-central-1a,Desconocido
2026-06-12 10:09:14.635,OK,200,eu-central-1b,eu-central-1,eu-central-1a,Desconocido
2026-06-12 10:09:15.225,OK,200,eu-central-1a,eu-central-1,eu-central-1c,Desconocido
2026-06-12 10:09:15.814,OK,200,eu-central-1a,eu-central-1,eu-central-1b,Desconocido
2026-06-12 10:09:16.402,OK,200,eu-west-1b,eu-west-1,eu-west-1c,Desconocido
2026-06-12 10:09:17.045,OK,200,eu-central-1b,eu-central-1,eu-central-1c,Desconocido
2026-06-12 10:09:17.635,OK,200,eu-central-1a,eu-central-1,eu-central-1c,Desconocido
2026-06-12 10:09:18.220,OK,200,eu-central-1b,eu-central-1,eu-central-1a,Desconocido
2026-06-12 10:09:18.822,OK,200,eu-west-1a,eu-west-1,eu-west-1c,Desconocido
2026-06-12 10:09:19.425,OK,200,eu-central-1b,eu-central-1,eu-central-1c,Desconocido
2026-06-12 10:09:20.060,OK,200,eu-central-1a,eu-central-1,eu-central-1a,Desconocido
2026-06-12 10:09:20.699,OK,200,eu-central-1a,eu-central-1,eu-central-1b,Desconocido
2026-06-12 10:09:21.291,OK,200,eu-central-1b,eu-central-1,eu-central-1b,Desconocido
2026-06-12 10:09:21.879,OK,200,eu-central-1b,eu-central-1,eu-central-1a,Desconocido
2026-06-12 10:09:22.466,OK,200,eu-central-1a,eu-central-1,eu-central-1a,Desconocido
2026-06-12 10:09:23.055,OK,200,eu-west-1b,eu-west-1,eu-west-1a,Desconocido
2026-06-12 10:09:23.659,OK,200,eu-central-1b,eu-central-1,eu-central-1b,Desconocido
2026-06-12 10:09:24.247,OK,200,eu-central-1a,eu-central-1,eu-central-1c,Desconocido
2026-06-12 10:09:24.838,OK,200,eu-central-1b,eu-central-1,eu-central-1c,Desconocido
2026-06-12 10:09:25.449,OK,200,eu-central-1a,eu-central-1,eu-central-1c,Desconocido
2026-06-12 10:09:26.038,OK,200,eu-central-1a,eu-central-1,eu-central-1b,Desconocido
2026-06-12 10:09:26.627,OK,200,eu-west-1c,eu-west-1,eu-west-1c,Desconocido
2026-06-12 10:09:27.223,OK,200,eu-central-1b,eu-central-1,eu-central-1a,Desconocido
2026-06-12 10:09:27.818,OK,200,eu-west-1b,eu-west-1,eu-west-1a,Desconocido
2026-06-12 10:09:28.420,OK,200,eu-central-1a,eu-central-1,eu-central-1b,Desconocido
2026-06-12 10:09:29.010,OK,200,eu-west-1a,eu-west-1,eu-west-1b,Desconocido
2026-06-12 10:09:29.620,OK,200,eu-west-1a,eu-west-1,eu-west-1a,Desconocido
2026-06-12 10:09:30.232,OK,200,eu-west-1c,eu-west-1,eu-west-1a,Desconocido
2026-06-12 10:09:30.845,OK,200,eu-central-1b,eu-central-1,eu-central-1c,Desconocido
2026-06-12 10:09:31.481,OK,200,eu-west-1b,eu-west-1,eu-west-1c,Desconocido
2026-06-12 10:09:32.082,OK,200,eu-central-1a,eu-central-1,eu-central-1a,Desconocido
2026-06-12 10:09:32.735,OK,200,eu-west-1c,eu-west-1,eu-west-1b,Desconocido
2026-06-12 10:09:33.432,OK,200,eu-west-1b,eu-west-1,eu-west-1c,Desconocido
2026-06-12 10:09:34.035,OK,200,eu-central-1b,eu-central-1,eu-central-1b,Desconocido
2026-06-12 10:09:34.684,OK,200,eu-central-1a,eu-central-1,eu-central-1c,Desconocido
2026-06-12 10:09:35.410,OK,200,eu-west-1a,eu-west-1,eu-west-1b,Desconocido
2026-06-12 10:09:36.010,OK,200,eu-west-1c,eu-west-1,eu-west-1a,Desconocido
2026-06-12 10:09:36.614,OK,200,eu-west-1b,eu-west-1,eu-west-1c,Desconocido
2026-06-12 10:09:37.214,OK,200,eu-central-1b,eu-central-1,eu-central-1b,Desconocido
2026-06-12 10:09:37.801,OK,200,eu-west-1a,eu-west-1,eu-west-1b,Desconocido
2026-06-12 10:09:38.401,OK,200,eu-west-1a,eu-west-1,eu-west-1a,Desconocido
2026-06-12 10:09:39.000,OK,200,eu-west-1c,eu-west-1,eu-west-1b,Desconocido
2026-06-12 10:09:39.601,OK,200,eu-central-1b,eu-central-1,eu-central-1a,Desconocido
2026-06-12 10:09:40.183,OK,200,eu-central-1a,eu-central-1,eu-central-1a,Desconocido
2026-06-12 10:09:40.772,OK,200,eu-west-1b,eu-west-1,eu-west-1c,Desconocido
2026-06-12 10:09:41.366,OK,200,eu-west-1c,eu-west-1,eu-west-1b,Desconocido
2026-06-12 10:09:41.976,OK,200,eu-central-1b,eu-central-1,eu-central-1c,Desconocido
2026-06-12 10:09:42.581,OK,200,eu-west-1a,eu-west-1,eu-west-1a,Desconocido
2026-06-12 10:09:43.180,OK,200,eu-west-1c,eu-west-1,eu-west-1c,Desconocido
2026-06-12 10:09:43.771,OK,200,eu-west-1b,eu-west-1,eu-west-1c,Desconocido
2026-06-12 10:09:44.381,OK,200,eu-west-1b,eu-west-1,eu-west-1a,Desconocido
2026-06-12 10:09:44.980,OK,200,eu-west-1a,eu-west-1,eu-west-1c,Desconocido
2026-06-12 10:09:46.353,OK,200,eu-west-1a,eu-west-1,eu-west-1b,Desconocido
2026-06-12 10:09:47.150,OK,200,eu-west-1c,eu-west-1,eu-west-1a,Desconocido
2026-06-12 10:09:47.882,OK,200,eu-west-1c,eu-west-1,eu-west-1b,Desconocido
2026-06-12 10:09:48.700,OK,200,eu-west-1b,eu-west-1,eu-west-1a,Desconocido
2026-06-12 10:09:49.423,OK,200,eu-west-1b,eu-west-1,eu-west-1c,Desconocido
2026-06-12 10:09:50.150,OK,200,eu-west-1a,eu-west-1,eu-west-1c,Desconocido
2026-06-12 10:09:50.890,OK,200,eu-west-1a,eu-west-1,eu-west-1b,Desconocido
2026-06-12 10:09:51.482,OK,200,eu-west-1c,eu-west-1,eu-west-1b,Desconocido
2026-06-12 10:09:52.077,OK,200,eu-west-1c,eu-west-1,eu-west-1a,Desconocido
2026-06-12 10:09:52.667,OK,200,eu-west-1b,eu-west-1,eu-west-1b,Desconocido
2026-06-12 10:09:53.259,OK,200,eu-west-1b,eu-west-1,eu-west-1c,Desconocido
2026-06-12 10:09:53.857,OK,200,eu-west-1a,eu-west-1,eu-west-1a,Desconocido
2026-06-12 10:09:54.458,OK,200,eu-west-1c,eu-west-1,eu-west-1a,Desconocido
2026-06-12 10:09:55.054,OK,200,eu-west-1a,eu-west-1,eu-west-1a,Desconocido
2026-06-12 10:09:55.680,OK,200,eu-west-1b,eu-west-1,eu-west-1c,Desconocido
2026-06-12 10:09:56.291,OK,200,eu-west-1a,eu-west-1,eu-west-1c,Desconocido
2026-06-12 10:09:56.889,OK,200,eu-west-1c,eu-west-1,eu-west-1b,Desconocido
2026-06-12 10:09:57.491,OK,200,eu-west-1c,eu-west-1,eu-west-1c,Desconocido
2026-06-12 10:09:58.089,OK,200,eu-west-1b,eu-west-1,eu-west-1b,Desconocido
2026-06-12 10:09:58.684,OK,200,eu-west-1a,eu-west-1,eu-west-1b,Desconocido
2026-06-12 10:09:59.277,OK,200,eu-west-1b,eu-west-1,eu-west-1b,Desconocido
2026-06-12 10:09:59.884,OK,200,eu-west-1c,eu-west-1,eu-west-1c,Desconocido
2026-06-12 10:10:00.507,OK,200,eu-west-1b,eu-west-1,eu-west-1a,Desconocido
2026-06-12 10:10:01.104,OK,200,eu-west-1a,eu-west-1,eu-west-1a,Desconocido
2026-06-12 10:10:01.776,OK,200,eu-west-1a,eu-west-1,eu-west-1a,Desconocido
2026-06-12 10:10:02.419,OK,200,eu-west-1c,eu-west-1,eu-west-1b,Desconocido
2026-06-12 10:10:03.029,OK,200,eu-west-1b,eu-west-1,eu-west-1c,Desconocido
2026-06-12 10:10:03.653,OK,200,eu-west-1c,eu-west-1,eu-west-1c,Desconocido
2026-06-12 10:10:04.250,OK,200,eu-west-1a,eu-west-1,eu-west-1b,Desconocido
2026-06-12 10:10:04.845,OK,200,eu-west-1b,eu-west-1,eu-west-1a,Desconocido
2026-06-12 10:10:05.430,OK,200,eu-west-1a,eu-west-1,eu-west-1a,Desconocido
2026-06-12 10:10:06.027,OK,200,eu-west-1c,eu-west-1,eu-west-1b,Desconocido
2026-06-12 10:10:06.622,OK,200,eu-west-1c,eu-west-1,eu-west-1a,Desconocido
2026-06-12 10:10:07.225,OK,200,eu-west-1b,eu-west-1,eu-west-1c,Desconocido
2026-06-12 10:10:07.822,OK,200,eu-west-1b,eu-west-1,eu-west-1b,Desconocido
2026-06-12 10:10:08.424,OK,200,eu-west-1a,eu-west-1,eu-west-1b,Desconocido
2026-06-12 10:10:09.025,OK,200,eu-west-1c,eu-west-1,eu-west-1c,Desconocido
2026-06-12 10:10:09.615,OK,200,eu-west-1a,eu-west-1,eu-west-1c,Desconocido
2026-06-12 10:10:10.216,OK,200,eu-west-1c,eu-west-1,eu-west-1a,Desconocido
2026-06-12 10:10:10.805,OK,200,eu-west-1b,eu-west-1,eu-west-1a,Desconocido
2026-06-12 10:10:11.400,OK,200,eu-west-1a,eu-west-1,eu-west-1b,Desconocido
2026-06-12 10:10:11.994,OK,200,eu-west-1b,eu-west-1,eu-west-1c,Desconocido
2026-06-12 10:10:12.586,OK,200,eu-west-1c,eu-west-1,eu-west-1a,Desconocido
2026-06-12 10:10:13.191,OK,200,eu-west-1a,eu-west-1,eu-west-1a,Desconocido
2026-06-12 10:10:13.789,OK,200,eu-west-1c,eu-west-1,eu-west-1b,Desconocido
2026-06-12 10:10:14.400,OK,200,eu-west-1b,eu-west-1,eu-west-1c,Desconocido
2026-06-12 10:10:14.999,OK,200,eu-west-1a,eu-west-1,eu-west-1c,Desconocido
2026-06-12 10:10:15.597,OK,200,eu-west-1b,eu-west-1,eu-west-1b,Desconocido
2026-06-12 10:10:16.194,OK,200,eu-west-1c,eu-west-1,eu-west-1b,Desconocido
2026-06-12 10:10:16.790,OK,200,eu-west-1b,eu-west-1,eu-west-1c,Desconocido
2026-06-12 10:10:17.395,OK,200,eu-west-1a,eu-west-1,eu-west-1a,Desconocido
2026-06-12 10:10:18.016,OK,200,eu-west-1c,eu-west-1,eu-west-1c,Desconocido
2026-06-12 10:10:19.537,OK,200,eu-west-1a,eu-west-1,eu-west-1b,Desconocido
2026-06-12 10:10:20.140,OK,200,eu-west-1b,eu-west-1,eu-west-1c,Desconocido
2026-06-12 10:10:20.778,OK,200,eu-west-1a,eu-west-1,eu-west-1a,Desconocido
2026-06-12 10:10:21.380,OK,200,eu-west-1c,eu-west-1,eu-west-1a,Desconocido
2026-06-12 10:10:21.973,OK,200,eu-west-1b,eu-west-1,eu-west-1b,Desconocido
2026-06-12 10:10:22.575,OK,200,eu-west-1c,eu-west-1,eu-west-1a,Desconocido
2026-06-12 10:10:23.178,OK,200,eu-west-1a,eu-west-1,eu-west-1c,Desconocido
2026-06-12 10:10:23.775,OK,200,eu-west-1b,eu-west-1,eu-west-1b,Desconocido
2026-06-12 10:10:24.375,OK,200,eu-west-1c,eu-west-1,eu-west-1b,Desconocido
2026-06-12 10:10:24.978,OK,200,eu-west-1a,eu-west-1,eu-west-1a,Desconocido
2026-06-12 10:10:25.580,OK,200,eu-west-1c,eu-west-1,eu-west-1c,Desconocido
2026-06-12 10:10:26.172,OK,200,eu-west-1b,eu-west-1,eu-west-1a,Desconocido
2026-06-12 10:10:26.774,OK,200,eu-west-1b,eu-west-1,eu-west-1b,Desconocido
2026-06-12 10:10:27.373,OK,200,eu-west-1a,eu-west-1,eu-west-1c,Desconocido
2026-06-12 10:10:27.969,OK,200,eu-west-1a,eu-west-1,eu-west-1b,Desconocido
2026-06-12 10:10:28.568,OK,200,eu-west-1c,eu-west-1,eu-west-1c,Desconocido
2026-06-12 10:10:29.170,OK,200,eu-west-1c,eu-west-1,eu-west-1a,Desconocido
2026-06-12 10:10:29.775,OK,200,eu-west-1b,eu-west-1,eu-west-1b,Desconocido
2026-06-12 10:10:30.371,OK,200,eu-west-1b,eu-west-1,eu-west-1a,Desconocido
2026-06-12 10:10:30.970,OK,200,eu-west-1a,eu-west-1,eu-west-1c,Desconocido
2026-06-12 10:10:31.565,OK,200,eu-west-1c,eu-west-1,eu-west-1c,Desconocido
2026-06-12 10:10:32.154,OK,200,eu-west-1b,eu-west-1,eu-west-1a,Desconocido
2026-06-12 10:10:32.751,OK,200,eu-west-1c,eu-west-1,eu-west-1b,Desconocido
2026-06-12 10:10:33.407,OK,200,eu-west-1b,eu-west-1,eu-west-1a,Desconocido
2026-06-12 10:10:34.004,OK,200,eu-west-1a,eu-west-1,eu-west-1b,Desconocido
2026-06-12 10:10:34.608,OK,200,eu-west-1a,eu-west-1,eu-west-1a,Desconocido
2026-06-12 10:10:35.209,OK,200,eu-west-1c,eu-west-1,eu-west-1c,Desconocido
2026-06-12 10:10:35.814,OK,200,eu-west-1c,eu-west-1,eu-west-1b,Desconocido
2026-06-12 10:10:36.418,OK,200,eu-west-1b,eu-west-1,eu-west-1c,Desconocido
2026-06-12 10:10:37.020,OK,200,eu-west-1b,eu-west-1,eu-west-1c,Desconocido
2026-06-12 10:10:37.622,OK,200,eu-west-1a,eu-west-1,eu-west-1c,Desconocido
2026-06-12 10:10:38.219,OK,200,eu-west-1c,eu-west-1,eu-west-1a,Desconocido
2026-06-12 10:10:38.821,OK,200,eu-west-1a,eu-west-1,eu-west-1b,Desconocido
2026-06-12 10:10:39.415,OK,200,eu-west-1c,eu-west-1,eu-west-1b,Desconocido
2026-06-12 10:10:40.009,OK,200,eu-west-1b,eu-west-1,eu-west-1c,Desconocido
2026-06-12 10:10:40.603,OK,200,eu-west-1b,eu-west-1,eu-west-1b,Desconocido
2026-06-12 10:10:41.204,OK,200,eu-west-1a,eu-west-1,eu-west-1a,Desconocido
